id,control,incongruent
1,21.00441006060185,34.008165502691874
2,18.617513802670885,38.60378268520962
3,18.98711950956122,32.24602371596522
4,22.079775155318043,36.981771637545876
5,18.30956518038619,31.29645299811778
6,20.864021486558034,34.91982459009348
7,21.94616843434569,38.15639648700662
8,18.237862990864706,35.32676836913431
9,19.453162259296455,37.085805287589146
10,16.78253854838883,37.10234132572367
